{
    "Random Topology Flow": {
        "MSE": 0.35474228858947754,
        "MSE_std": 0.030530516058206558,
        "MSE_CI_95": 0.024429500735975,
        "PCC": 0.06428220868110657,
        "PCC_std": 0.051114801317453384,
        "PCC_CI_95": 0.040900359300290706,
        "MMD": -Infinity,
        "MMD_std": NaN,
        "Coverage": 0.8279033887487824,
        "fold_mses": [
            0.4007803201675415,
            0.38345831632614136,
            0.3264046311378479,
            0.35706380009651184,
            0.3484351634979248,
            0.3123115003108978
        ],
        "fold_pccs": [
            0.1641935110092163,
            0.03984614461660385,
            0.035594068467617035,
            0.07467348873615265,
            0.00011721074406523257,
            0.07126881182193756
        ],
        "fold_coverages": [
            0.8036091706969521,
            0.7877744966083102,
            0.8391218185424805,
            0.844589002430439,
            0.8397566217642564,
            0.8525692224502563
        ]
    },
    "Shuffled Coords Flow": {
        "MSE": 0.33921003341674805,
        "MSE_std": 0.023005234077572823,
        "MSE_CI_95": 0.018408021068424617,
        "PCC": 0.0028506210073828697,
        "PCC_std": 0.014863704331219196,
        "PCC_CI_95": 0.011893440491033885,
        "MMD": -Infinity,
        "MMD_std": NaN,
        "Coverage": 0.838577391979871,
        "fold_mses": [
            0.37127113342285156,
            0.31458964943885803,
            0.32343536615371704,
            0.35033854842185974,
            0.3619455397129059,
            0.3136800527572632
        ],
        "fold_pccs": [
            -0.00888685043901205,
            0.022099722176790237,
            0.0030290279537439346,
            0.02110859379172325,
            -0.018703805282711983,
            -0.0015429627383127809
        ],
        "fold_coverages": [
            0.8248422741889954,
            0.8445363707012601,
            0.8428638398647308,
            0.8353509902954102,
            0.8297056555747986,
            0.8541652212540308
        ]
    }
}