{
  "EczemaFlow_NoTDA": {
    "pcc_mean": 0.035292025189846754,
    "pcc_std": 0.016694345642416893,
    "mse_mean": 1.0692197581132252,
    "mse_std": 0.04371754972028705
  }
}