{
    "CNN Regressor": {
        "MSE": 0.17561663687229156,
        "PCC": 0.00014570918574463576,
        "Coverage": 0.0
    },
    "Hist2ST": {
        "MSE": 0.21693415939807892,
        "PCC": -0.0009087256621569395,
        "Coverage": 0.0
    },
    "Gaussian Flow": {
        "MSE": 0.36709749698638916,
        "PCC": -8.851401798892766e-05,
        "Coverage": 0.9671721081984671
    },
    "No Topology Flow": {
        "MSE": 0.2689761817455292,
        "PCC": -0.0005878705997020006,
        "Coverage": 0.5468544426717257
    },
    "EczemaFlow (Full)": {
        "MSE": 0.26573416590690613,
        "PCC": -0.00025302183348685503,
        "Coverage": 0.5487681595902694
    }
}