{
    "CNN Regressor": {
        "Global": {
            "MSE": 0.1735871136188507,
            "MAE": 0.19284577667713165,
            "Coverage": 0.0,
            "IntervalWidth": 0.0
        },
        "By_Sample": {
            "GSM5907077": {
                "MSE": 0.5940039753913879,
                "MAE": 0.4105623662471771,
                "PCC": -0.0016776807606220245,
                "Coverage": 0.0,
                "IntervalWidth": 0.0
            },
            "GSM5907078": {
                "MSE": 0.19873003661632538,
                "MAE": 0.1972103714942932,
                "PCC": -0.0035684844478964806,
                "Coverage": 0.0,
                "IntervalWidth": 0.0
            },
            "GSM5907079": {
                "MSE": 0.20835456252098083,
                "MAE": 0.2200486958026886,
                "PCC": -0.004468567669391632,
                "Coverage": 0.0,
                "IntervalWidth": 0.0
            },
            "GSM5907080": {
                "MSE": 0.18352161347866058,
                "MAE": 0.20033448934555054,
                "PCC": 0.0006934176781214774,
                "Coverage": 0.0,
                "IntervalWidth": 0.0
            },
            "GSM5907081": {
                "MSE": 0.13859041035175323,
                "MAE": 0.17124003171920776,
                "PCC": -0.0016965311951935291,
                "Coverage": 0.0,
                "IntervalWidth": 0.0
            },
            "GSM5907082": {
                "MSE": 0.2946903705596924,
                "MAE": 0.2775760889053345,
                "PCC": 0.005514997988939285,
                "Coverage": 0.0,
                "IntervalWidth": 0.0
            },
            "GSM5907083": {
                "MSE": 0.2843211889266968,
                "MAE": 0.2674791216850281,
                "PCC": 0.0012433887459337711,
                "Coverage": 0.0,
                "IntervalWidth": 0.0
            },
            "GSM5907084": {
                "MSE": 0.27717137336730957,
                "MAE": 0.26555463671684265,
                "PCC": -0.0027800556272268295,
                "Coverage": 0.0,
                "IntervalWidth": 0.0
            },
            "GSM5907085": {
                "MSE": 0.1478518396615982,
                "MAE": 0.17681851983070374,
                "PCC": -0.0020437706261873245,
                "Coverage": 0.0,
                "IntervalWidth": 0.0
            },
            "GSM5907086": {
                "MSE": 0.09425298124551773,
                "MAE": 0.13943630456924438,
                "PCC": 0.0005965266609564424,
                "Coverage": 0.0,
                "IntervalWidth": 0.0
            },
            "GSM5907088": {
                "MSE": 0.05799199268221855,
                "MAE": 0.11802609264850616,
                "PCC": 0.003544833045452833,
                "Coverage": 0.0,
                "IntervalWidth": 0.0
            },
            "GSM5907089": {
                "MSE": 0.09287960082292557,
                "MAE": 0.13868336379528046,
                "PCC": -0.0032417771872133017,
                "Coverage": 0.0,
                "IntervalWidth": 0.0
            },
            "GSM5907090": {
                "MSE": 0.07061248272657394,
                "MAE": 0.1270562708377838,
                "PCC": 0.0023978373501449823,
                "Coverage": 0.0,
                "IntervalWidth": 0.0
            }
        }
    },
    "Hist2ST": {
        "Global": {
            "MSE": 0.21954815089702606,
            "MAE": 0.29637041687965393,
            "Coverage": 0.0,
            "IntervalWidth": 0.0
        },
        "By_Sample": {
            "GSM5907077": {
                "MSE": 0.6342055797576904,
                "MAE": 0.500863254070282,
                "PCC": -0.002500354079529643,
                "Coverage": 0.0,
                "IntervalWidth": 0.0
            },
            "GSM5907078": {
                "MSE": 0.246336430311203,
                "MAE": 0.3095059096813202,
                "PCC": 0.0018407371826469898,
                "Coverage": 0.0,
                "IntervalWidth": 0.0
            },
            "GSM5907079": {
                "MSE": 0.24926242232322693,
                "MAE": 0.31649482250213623,
                "PCC": -0.003415560582652688,
                "Coverage": 0.0,
                "IntervalWidth": 0.0
            },
            "GSM5907080": {
                "MSE": 0.2309216558933258,
                "MAE": 0.3039994537830353,
                "PCC": -0.003139759413897991,
                "Coverage": 0.0,
                "IntervalWidth": 0.0
            },
            "GSM5907081": {
                "MSE": 0.1855098009109497,
                "MAE": 0.2780539393424988,
                "PCC": -0.00232713227160275,
                "Coverage": 0.0,
                "IntervalWidth": 0.0
            },
            "GSM5907082": {
                "MSE": 0.33790352940559387,
                "MAE": 0.3678368031978607,
                "PCC": 0.0015370489563792944,
                "Coverage": 0.0,
                "IntervalWidth": 0.0
            },
            "GSM5907083": {
                "MSE": 0.33094918727874756,
                "MAE": 0.3633252680301666,
                "PCC": 0.008093495853245258,
                "Coverage": 0.0,
                "IntervalWidth": 0.0
            },
            "GSM5907084": {
                "MSE": 0.31501710414886475,
                "MAE": 0.3513924777507782,
                "PCC": 0.005121532361954451,
                "Coverage": 0.0,
                "IntervalWidth": 0.0
            },
            "GSM5907085": {
                "MSE": 0.19270601868629456,
                "MAE": 0.2804875671863556,
                "PCC": -0.0011892146430909634,
                "Coverage": 0.0,
                "IntervalWidth": 0.0
            },
            "GSM5907086": {
                "MSE": 0.1412910670042038,
                "MAE": 0.2504810094833374,
                "PCC": -0.006458252668380737,
                "Coverage": 0.0,
                "IntervalWidth": 0.0
            },
            "GSM5907088": {
                "MSE": 0.10655482858419418,
                "MAE": 0.2298067808151245,
                "PCC": -0.0022472382988780737,
                "Coverage": 0.0,
                "IntervalWidth": 0.0
            },
            "GSM5907089": {
                "MSE": 0.1392873227596283,
                "MAE": 0.24804796278476715,
                "PCC": -0.0002736812748480588,
                "Coverage": 0.0,
                "IntervalWidth": 0.0
            },
            "GSM5907090": {
                "MSE": 0.11828626692295074,
                "MAE": 0.23781512677669525,
                "PCC": 0.0011192637030035257,
                "Coverage": 0.0,
                "IntervalWidth": 0.0
            }
        }
    },
    "Gaussian Flow": {
        "Global": {
            "MSE": 0.3688449263572693,
            "MAE": 0.4435259699821472,
            "Coverage": 0.9670378721127239,
            "IntervalWidth": 3.6864290826197523
        },
        "By_Sample": {
            "GSM5907077": {
                "MSE": 0.7994491457939148,
                "MAE": 0.6226709485054016,
                "PCC": -0.0010233827633783221,
                "Coverage": 0.9151808502192192,
                "IntervalWidth": 3.6826689103816417
            },
            "GSM5907078": {
                "MSE": 0.39830145239830017,
                "MAE": 0.45521700382232666,
                "PCC": 0.0014414225006476045,
                "Coverage": 0.9637492546394689,
                "IntervalWidth": 3.6940018077394856
            },
            "GSM5907079": {
                "MSE": 0.4028302729129791,
                "MAE": 0.4614567160606384,
                "PCC": 0.00025883899070322514,
                "Coverage": 0.9633426055142611,
                "IntervalWidth": 3.6890419195635733
            },