{
    "CNN Regressor": {
        "Global": {
            "MSE": 0.1727675348520279,
            "MAE": 0.1935729682445526,
            "Coverage": 0.0,
            "IntervalWidth": 0.0
        },
        "By_Sample": {
            "GSM5907077": {
                "MSE": 0.5908144116401672,
                "MAE": 0.4083016514778137,
                "PCC": -0.008398535661399364,
                "Coverage": 0.0,
                "IntervalWidth": 0.0
            },
            "GSM5907078": {
                "MSE": 0.19739823043346405,
                "MAE": 0.19467051327228546,
                "PCC": 0.001593309105373919,
                "Coverage": 0.0,
                "IntervalWidth": 0.0
            },
            "GSM5907079": {
                "MSE": 0.20587436854839325,
                "MAE": 0.2197764813899994,
                "PCC": 0.001061773975379765,
                "Coverage": 0.0,
                "IntervalWidth": 0.0
            },
            "GSM5907080": {
                "MSE": 0.1827497035264969,
                "MAE": 0.2013683170080185,
                "PCC": 0.001927121076732874,
                "Coverage": 0.0,
                "IntervalWidth": 0.0
            },
            "GSM5907081": {
                "MSE": 0.13804933428764343,
                "MAE": 0.174748957157135,
                "PCC": -0.0021190145052969456,
                "Coverage": 0.0,
                "IntervalWidth": 0.0
            },
            "GSM5907082": {
                "MSE": 0.29269304871559143,
                "MAE": 0.2777639329433441,
                "PCC": 0.0003144888032693416,
                "Coverage": 0.0,
                "IntervalWidth": 0.0
            },
            "GSM5907083": {
                "MSE": 0.28393352031707764,
                "MAE": 0.2687382102012634,
                "PCC": -0.00298584857955575,
                "Coverage": 0.0,
                "IntervalWidth": 0.0
            },
            "GSM5907084": {
                "MSE": 0.2766341269016266,
                "MAE": 0.26756635308265686,
                "PCC": 0.012320353649556637,
                "Coverage": 0.0,
                "IntervalWidth": 0.0
            },
            "GSM5907085": {
                "MSE": 0.14618410170078278,
                "MAE": 0.17516644299030304,
                "PCC": 0.0025318367406725883,
                "Coverage": 0.0,
                "IntervalWidth": 0.0
            },
            "GSM5907086": {
                "MSE": 0.09403346478939056,
                "MAE": 0.13946658372879028,
                "PCC": -0.005264466628432274,
                "Coverage": 0.0,
                "IntervalWidth": 0.0
            },
            "GSM5907088": {
                "MSE": 0.058651890605688095,
                "MAE": 0.11985808610916138,
                "PCC": 0.0015555155696347356,
                "Coverage": 0.0,
                "IntervalWidth": 0.0
            },
            "GSM5907089": {
                "MSE": 0.09195258468389511,
                "MAE": 0.13775324821472168,
                "PCC": 0.0013305752072483301,
                "Coverage": 0.0,
                "IntervalWidth": 0.0
            },
            "GSM5907090": {
                "MSE": 0.07079456746578217,
                "MAE": 0.1286574900150299,
                "PCC": 0.0017344815423712134,
                "Coverage": 0.0,
                "IntervalWidth": 0.0
            }
        }
    },
    "Hist2ST": {
        "Global": {
            "MSE": 0.2240360975265503,
            "MAE": 0.29875898361206055,
            "Coverage": 0.0,
            "IntervalWidth": 0.0
        },
        "By_Sample": {
            "GSM5907077": {
                "MSE": 0.6393266916275024,
                "MAE": 0.4968790113925934,
                "PCC": 0.01589605025947094,
                "Coverage": 0.0,
                "IntervalWidth": 0.0
            },
            "GSM5907078": {
                "MSE": 0.25058016180992126,
                "MAE": 0.30870816111564636,
                "PCC": -0.0004242774739395827,
                "Coverage": 0.0,
                "IntervalWidth": 0.0
            },
            "GSM5907079": {
                "MSE": 0.2596893906593323,
                "MAE": 0.3197173774242401,
                "PCC": -0.007324311416596174,
                "Coverage": 0.0,
                "IntervalWidth": 0.0
            },
            "GSM5907080": {
                "MSE": 0.23258958756923676,
                "MAE": 0.30510061979293823,
                "PCC": 5.2749372116522864e-05,
                "Coverage": 0.0,
                "IntervalWidth": 0.0
            },
            "GSM5907081": {
                "MSE": 0.19073627889156342,
                "MAE": 0.28114983439445496,
                "PCC": 0.004311548545956612,
                "Coverage": 0.0,
                "IntervalWidth": 0.0
            },
            "GSM5907082": {
                "MSE": 0.3432091176509857,
                "MAE": 0.369941383600235,
                "PCC": 0.003818654455244541,
                "Coverage": 0.0,
                "IntervalWidth": 0.0
            },
            "GSM5907083": {
                "MSE": 0.33620020747184753,
                "MAE": 0.36128655076026917,
                "PCC": 0.008897257968783379,
                "Coverage": 0.0,
                "IntervalWidth": 0.0
            },
            "GSM5907084": {
                "MSE": 0.321580708026886,
                "MAE": 0.3618534207344055,
                "PCC": -0.0010134768672287464,
                "Coverage": 0.0,
                "IntervalWidth": 0.0
            },
            "GSM5907085": {
                "MSE": 0.19766491651535034,
                "MAE": 0.28509771823883057,
                "PCC": -0.0016229022294282913,
                "Coverage": 0.0,
                "IntervalWidth": 0.0
            },
            "GSM5907086": {
                "MSE": 0.14475935697555542,
                "MAE": 0.25529319047927856,
                "PCC": 0.002903394866734743,
                "Coverage": 0.0,
                "IntervalWidth": 0.0
            },
            "GSM5907088": {
                "MSE": 0.10842910408973694,
                "MAE": 0.23182113468647003,
                "PCC": -0.001877165399491787,
                "Coverage": 0.0,
                "IntervalWidth": 0.0
            },
            "GSM5907089": {
                "MSE": 0.14426599442958832,
                "MAE": 0.2552614212036133,
                "PCC": -0.007673751562833786,
                "Coverage": 0.0,
                "IntervalWidth": 0.0
            },
            "GSM5907090": {
                "MSE": 0.12125571817159653,
                "MAE": 0.24035143852233887,
                "PCC": 0.0010535299079492688,
                "Coverage": 0.0,
                "IntervalWidth": 0.0
            }
        }
    },
    "Gaussian Flow": {
        "Global": {
            "MSE": 0.36649513244628906,
            "MAE": 0.4427133798599243,
            "Coverage": 0.9672308820265311,
            "IntervalWidth": 3.686270167993019
        },
        "By_Sample": {
            "GSM5907077": {
                "MSE": 0.7885516881942749,
                "MAE": 0.6186402440071106,
                "PCC": 0.009716491214931011,
                "Coverage": 0.9151170234730903,
                "IntervalWidth": 3.679314321659981
            },
            "GSM5907078": {
                "MSE": 0.3936734199523926,
                "MAE": 0.45371776819229126,
                "PCC": 0.002382505452260375,
                "Coverage": 0.9635104481853656,
                "IntervalWidth": 3.6791634830076303
            },
            "GSM5907079": {
                "MSE": 0.4009383022785187,
                "MAE": 0.4601954221725464,
                "PCC": -0.0023909646552056074,
                "Coverage": 0.9633147910180797,
                "IntervalWidth": 3.685870237507199
            },
            "GSM5907080": {
                "MSE": 0.3768673539161682,