{
    "CNN Regressor": {
        "MSE": 0.3737604320049286,
        "MSE_std": 0.051582515239715576,
        "MSE_CI_95": 0.04127460838230249,
        "PCC": 0.07100868970155716,
        "PCC_std": 0.04242275655269623,
        "PCC_CI_95": 0.033945274965229644,
        "MMD": -Infinity,
        "MMD_std": NaN,
        "Coverage": 0.0,
        "fold_mses": [
            0.34369009733200073,
            0.4343262314796448,
            0.43270397186279297,
            0.2950434982776642,
            0.39724311232566833,
            0.3395557105541229
        ],
        "fold_pccs": [
            0.07338958233594894,
            0.011201176792383194,
            0.016698148101568222,
            0.11144764721393585,
            0.09999176114797592,
            0.11332383751869202
        ],
        "fold_coverages": []
    },
    "Hist2ST": {
        "MSE": 0.3750600814819336,
        "MSE_std": 0.046438731253147125,
        "MSE_CI_95": 0.037158723984999836,
        "PCC": 0.04510634019970894,
        "PCC_std": 0.09551168978214264,
        "PCC_CI_95": 0.07642526878283412,
        "MMD": -Infinity,
        "MMD_std": NaN,
        "Coverage": 0.0,
        "fold_mses": [
            0.4072052240371704,
            0.37581631541252136,
            0.30614277720451355,
            0.44823741912841797,
            0.33291614055633545,
            0.3800424337387085
        ],
        "fold_pccs": [
            -0.04629351198673248,
            -0.0985393226146698,
            0.08875494450330734,
            0.05847412720322609,
            0.19663414359092712,
            0.07160764932632446
        ],
        "fold_coverages": []
    },
    "Gaussian Flow": {
        "MSE": 0.5267734527587891,
        "MSE_std": 0.05191992595791817,
        "MSE_CI_95": 0.04154459318612766,
        "PCC": 0.04456232860684395,
        "PCC_std": 0.03794296085834503,
        "PCC_CI_95": 0.03036069185489099,
        "MMD": -Infinity,
        "MMD_std": NaN,
        "Coverage": 0.9443564191304303,
        "fold_mses": [
            0.5408358573913574,
            0.5127155184745789,
            0.4902733266353607,
            0.6341471672058105,
            0.4770958423614502,
            0.505573034286499
        ],
        "fold_pccs": [
            0.08229255676269531,
            0.007832027971744537,
            0.010152305476367474,
            0.034041911363601685,
            0.10898727923631668,
            0.024067897349596024
        ],
        "fold_coverages": [
            0.9421753124757246,
            0.9469502766927084,
            0.9502102911472321,
            0.9280362948775291,
            0.9505177048536447,
            0.9482486347357432
        ]
    },
    "No Topology Flow": {
        "MSE": 0.3417069911956787,
        "MSE_std": 0.03519712761044502,
        "MSE_CI_95": 0.02816356766535712,
        "PCC": 0.07637952268123627,
        "PCC_std": 0.03184342756867409,
        "PCC_CI_95": 0.025480048740145242,
        "MMD": -Infinity,
        "MMD_std": NaN,
        "Coverage": 0.8163406757734827,
        "fold_mses": [
            0.3145641088485718,
            0.3285512626171112,
            0.33114093542099,
            0.416204571723938,
            0.3469555675983429,
            0.3128255307674408
        ],
        "fold_pccs": [
            0.13194848597049713,
            0.0260798130184412,
            0.06964981555938721,
            0.08829093724489212,
            0.06056463345885277,
            0.08174345642328262
        ],
        "fold_coverages": [
            0.8076166131279685,
            0.8243246078491211,
            0.800074166059494,
            0.7818538025021553,
            0.8312144325329707,
            0.8529604325691859
        ]
    },
    "EczemaFlow (Full)": {
        "MSE": 0.3361183702945709,
        "MSE_std": 0.015070930123329163,
        "MSE_CI_95": 0.012059255658756957,
        "PCC": 0.06335113197565079,
        "PCC_std": 0.0408296063542366,
        "PCC_CI_95": 0.032670489309081965,
        "MMD": -Infinity,
        "MMD_std": NaN,
        "Coverage": 0.8349327849655981,
        "fold_mses": [
            0.36583733558654785,
            0.3206731081008911,
            0.3313354253768921,
            0.32958096265792847,
            0.3438897132873535,
            0.32539379596710205
        ],
        "fold_pccs": [
            0.11960847675800323,
            0.08587737381458282,
            0.00222221901640296,
            0.06101880222558975,
            0.09083570539951324,
            0.02054418995976448
        ],
        "fold_coverages": [
            0.7890525351871144,
            0.842695845497979,
            0.8334968745708465,
            0.8589976504445076,
            0.8388605301196759,
            0.846493273973465
        ]
    }
}