{
    "CNN Regressor": {
        "MSE": 0.3717643916606903,
        "MSE_std": 0.05029716715216637,
        "MSE_CI_95": 0.04024611570989229,
        "PCC": 0.08323704451322556,
        "PCC_std": 0.042170483618974686,
        "PCC_CI_95": 0.03374341457714228,
        "MMD": -Infinity,
        "MMD_std": NaN,
        "Coverage": 0.0
    },
    "Hist2ST": {
        "MSE": 0.3715706765651703,
        "MSE_std": 0.04907635971903801,
        "MSE_CI_95": 0.03926926631667424,
        "PCC": 0.05445672199130058,
        "PCC_std": 0.05800161883234978,
        "PCC_CI_95": 0.046410960995589064,
        "MMD": -Infinity,
        "MMD_std": NaN,
        "Coverage": 0.0
    },
    "Gaussian Flow": {
        "MSE": 0.5177307724952698,
        "MSE_std": 0.059875864535570145,
        "MSE_CI_95": 0.04791066989991702,
        "PCC": 0.0569368414580822,
        "PCC_std": 0.01563652791082859,
        "PCC_CI_95": 0.012511828145237054,
        "MMD": -Infinity,
        "MMD_std": NaN,
        "Coverage": 0.9457434805563095
    },
    "No Topology Flow": {
        "MSE": 0.3287423253059387,
        "MSE_std": 0.008015574887394905,
        "MSE_CI_95": 0.006413795699933522,
        "PCC": 0.07202302664518356,
        "PCC_std": 0.043622929602861404,
        "PCC_CI_95": 0.03490561341337148,
        "MMD": -Infinity,
        "MMD_std": NaN,
        "Coverage": 0.8442919111462556
    },
    "EczemaFlow (Full)": {
        "MSE": 0.34201714396476746,
        "MSE_std": 0.023970644921064377,
        "MSE_CI_95": 0.019180510628267994,
        "PCC": 0.05230892822146416,
        "PCC_std": 0.02525579370558262,
        "PCC_CI_95": 0.02020884382503971,
        "MMD": -Infinity,
        "MMD_std": NaN,
        "Coverage": 0.8320208017044474
    }
}