{
    "CNN Regressor": {
        "MSE": 1.2535080909729004,
        "MSE_std": 0.4251684248447418,
        "MSE_CI_95": 0.3402055939000754,
        "PCC": -0.01681813970208168,
        "PCC_std": 0.026064226403832436,
        "PCC_CI_95": 0.020855724708390238,
        "MMD": -Infinity,
        "MMD_std": NaN
    },
    "Hist2ST": {
        "MSE": 0.03917085751891136,
        "MSE_std": 0.002961202524602413,
        "MSE_CI_95": 0.0023694555020369727,
        "PCC": 0.02021690085530281,
        "PCC_std": 0.03025735169649124,
        "PCC_CI_95": 0.024210923723950575,
        "MMD": -1208.4161005020142,
        "MMD_std": 1746.7265000705775
    },
    "Gaussian Flow": {
        "MSE": 0.17839942872524261,
        "MSE_std": 0.059103190898895264,
        "MSE_CI_95": 0.04729240222504935,
        "PCC": -0.0003438799176365137,
        "PCC_std": 0.0015468832571059465,
        "PCC_CI_95": 0.0012377643927109232,
        "MMD": -1.407736989691658e+19,
        "MMD_std": 3.147795602562431e+19
    },
    "No Context Flow": {
        "MSE": 0.12158522009849548,
        "MSE_std": 0.006270244717597961,
        "MSE_CI_95": 0.005017240706028893,
        "PCC": 0.0021424528677016497,
        "PCC_std": 0.0027050138451159,
        "PCC_CI_95": 0.002164461864781308,
        "MMD": -2727586.3579915366,
        "MMD_std": 5448349.2854817975
    },
    "EczemaFlow (Full)": {
        "MSE": 790.4391479492188,
        "MSE_std": 1767.10546875,
        "MSE_CI_95": 1413.9788619056005,
        "PCC": 0.0017247808864340186,
        "PCC_std": 0.00499336002394557,
        "PCC_CI_95": 0.003995520159154891,
        "MMD": NaN,
        "MMD_std": NaN
    }
}