{
    "CNN Regressor": {
        "MSE": 0.3732632100582123,
        "MSE_std": 0.04976443573832512,
        "MSE_CI_95": 0.039819841799497206,
        "PCC": 0.0705181285738945,
        "PCC_std": 0.04720235615968704,
        "PCC_CI_95": 0.037769751167794914,
        "MMD": -Infinity,
        "MMD_std": NaN,
        "Coverage": 0.0,
        "fold_mses": [
            0.3482995927333832,
            0.43508270382881165,
            0.4267847239971161,
            0.29441189765930176,
            0.392656147480011,
            0.3423440754413605
        ],
        "fold_pccs": [
            0.039836324751377106,
            0.002979424549266696,
            0.03497995808720589,
            0.11979641765356064,
            0.0953550636768341,
            0.1301615685224533
        ],
        "fold_coverages": []
    },
    "Hist2ST": {
        "MSE": 0.36209797859191895,
        "MSE_std": 0.02951131947338581,
        "MSE_CI_95": 0.02361397361971163,
        "PCC": 0.05851074680685997,
        "PCC_std": 0.07189218699932098,
        "PCC_CI_95": 0.057525730382755054,
        "MMD": -Infinity,
        "MMD_std": NaN,
        "Coverage": 0.0,
        "fold_mses": [
            0.3702325224876404,
            0.3775789439678192,
            0.30960792303085327,
            0.3948625326156616,
            0.3368787169456482,
            0.38342738151550293
        ],
        "fold_pccs": [
            0.05973918363451958,
            -0.06592825055122375,
            0.15276189148426056,
            0.07014456391334534,
            0.12354568392038345,
            0.010801397264003754
        ],
        "fold_coverages": []
    },
    "Gaussian Flow": {
        "MSE": 0.5075585246086121,
        "MSE_std": 0.040072351694107056,
        "MSE_CI_95": 0.03206455938501235,
        "PCC": 0.06398028880357742,
        "PCC_std": 0.022222232073545456,
        "PCC_CI_95": 0.017781488978459672,
        "MMD": -Infinity,
        "MMD_std": NaN,
        "Coverage": 0.9469353122706626,
        "fold_mses": [
            0.5198459625244141,
            0.4875629246234894,
            0.47520169615745544,
            0.5912933349609375,
            0.47972601652145386,
            0.4917210638523102
        ],
        "fold_pccs": [
            0.07073142379522324,
            0.046989236027002335,
            0.045680899173021317,
            0.05910570174455643,
            0.10994315892457962,
            0.05143129453063011
        ],
        "fold_coverages": [
            0.9454268758947199,
            0.9502504004372491,
            0.9521180748939514,
            0.9337161555886269,
            0.9505810554210956,
            0.9495193113883337
        ]
    },
    "No Topology Flow": {
        "MSE": 0.3719491958618164,
        "MSE_std": 0.08194690942764282,
        "MSE_CI_95": 0.06557118393795912,
        "PCC": 0.050392042845487595,
        "PCC_std": 0.03371996060013771,
        "PCC_CI_95": 0.026981587888249475,
        "MMD": -Infinity,
        "MMD_std": NaN,
        "Coverage": 0.7958001877548116,
        "fold_mses": [
            0.5538877844810486,
            0.3318204879760742,
            0.3225891888141632,
            0.35130107402801514,
            0.34439411759376526,
            0.32770246267318726
        ],
        "fold_pccs": [
            0.043110691010951996,
            -0.005048458930104971,
            0.05019618943333626,
            0.07587441802024841,
            0.10335482656955719,
            0.034864604473114014
        ],
        "fold_coverages": [
            0.6467784751545299,
            0.8377963105837504,
            0.805766123533249,
            0.8166906014084816,
            0.8342138528823853,
            0.8335557629664739
        ]
    },
    "EczemaFlow (Full)": {
        "MSE": 0.34410595893859863,
        "MSE_std": 0.020491402596235275,
        "MSE_CI_95": 0.01639653695507484,
        "PCC": 0.07097039371728897,
        "PCC_std": 0.06315581500530243,
        "PCC_CI_95": 0.050535176877182744,
        "MMD": -Infinity,
        "MMD_std": NaN,
        "Coverage": 0.8280792035253145,
        "fold_mses": [
            0.3256833553314209,
            0.34086379408836365,
            0.33893445134162903,
            0.3846724033355713,
            0.3514331579208374,
            0.32304859161376953
        ],
        "fold_pccs": [
            0.19052915275096893,
            0.06713861972093582,
            -0.004776924382895231,
            0.03298924118280411,
            0.03503735363483429,
            0.10490493476390839
        ],
        "fold_coverages": [
            0.8529979261485013,
            0.778809474574195,
            0.833831250667572,
            0.8290361315011978,
            0.8381604598118708,
            0.8356399784485499
        ]
    }
}