{
    "CNN Regressor": [
        0.04325460913715232,
        0.3919478064890697,
        0.007819062966921676
    ],
    "Hist2ST": [
        0.02103869361987475,
        0.6463201436552581,
        0.007657679919730761
    ],
    "Gaussian Flow": [
        0.017962456384070357,
        0.6838501445877698,
        0.0075331497122662055
    ],
    "No Context Flow": [
        0.014140009354230714,
        0.7361228938038511,
        0.0072664519751278675
    ],
    "EczemaFlow (Full)": [
        0.010374612252475178,
        0.7869941460480042,
        0.006674419995302069
    ]
}