{
    "Density Only": {
        "MSE": 0.3531239926815033,
        "MSE_std": 0.032748993486166,
        "MSE_CI_95": 0.026204652386073335,
        "PCC": 0.05780065059661865,
        "PCC_std": 0.03110349364578724,
        "PCC_CI_95": 0.024887978292358684,
        "MMD": -Infinity,
        "MMD_std": NaN,
        "Coverage": 0.8288185682206598,
        "fold_mses": [
            0.3331098258495331,
            0.32093024253845215,
            0.34297290444374084,
            0.42151910066604614,
            0.36007630825042725,
            0.3401353359222412
        ],
        "fold_pccs": [
            0.08860979974269867,
            0.07665316015481949,
            0.0934118926525116,
            0.045571234077215195,
            0.03567587211728096,
            0.00688190758228302
        ],
        "fold_coverages": [
            0.8485099348154935,
            0.836608714527554,
            0.8055183231830597,
            0.8126132488250732,
            0.8291455048781174,
            0.8405156830946604
        ]
    },
    "H0 Only": {
        "MSE": 0.3418910503387451,
        "MSE_std": 0.024293208494782448,
        "MSE_CI_95": 0.019438615242239176,
        "PCC": 0.07544910907745361,
        "PCC_std": 0.030957086011767387,
        "PCC_CI_95": 0.024770827786411737,
        "MMD": -Infinity,
        "MMD_std": NaN,
        "Coverage": 0.820977728104142,
        "fold_mses": [
            0.31604522466659546,
            0.3468518853187561,
            0.33120256662368774,
            0.38484448194503784,
            0.35650309920310974,
            0.31589892506599426
        ],
        "fold_pccs": [
            0.09559370577335358,
            0.08264963328838348,
            0.023048920556902885,
            0.12301204353570938,
            0.0602530911564827,
            0.0681372582912445
        ],
        "fold_coverages": [
            0.7917560176415877,
            0.8113033970197042,
            0.8359990060329437,
            0.8219074979424477,
            0.830309652365171,
            0.8345907976229986
        ]
    },
    "H1 Only": {
        "MSE": 0.36380311846733093,
        "MSE_std": 0.07886519283056259,
        "MSE_CI_95": 0.06310529709435296,
        "PCC": 0.08757930994033813,
        "PCC_std": 0.05736062675714493,
        "PCC_CI_95": 0.04589806051453867,
        "MMD": -Infinity,
        "MMD_std": NaN,
        "Coverage": 0.8195370595281806,
        "fold_mses": [
            0.31611692905426025,
            0.3236106336116791,
            0.34031927585601807,
            0.5369991660118103,
            0.35489609837532043,
            0.31087666749954224
        ],
        "fold_pccs": [
            0.20867779850959778,
            0.04411847144365311,
            0.045278504490852356,
            0.09771028161048889,
            0.05339760705828667,
            0.07629317045211792
        ],
        "fold_coverages": [
            0.8531264933672819,
            0.8245040112071567,
            0.8311791121959686,
            0.7238702178001404,
            0.8338973430486826,
            0.850645179549853
        ]
    }
}